{
  "config": {
    "model": "Qwen/Qwen3-4B-Instruct-2507",
    "dtype": "bfloat16",
    "load_in_4bit": false,
    "gpu_memory_gb": 15,
    "calibration_size": 200,
    "max_samples": 0,
    "candidate_prefix": "newline",
    "verdict_prefixes": "newline",
    "force_template_ids": "factual_correctness",
    "force_verdict_prefix": "newline",
    "bootstrap": 400,
    "seeds": [
      7,
      13,
      29,
      41,
      53,
      67
    ]
  },
  "summary": {
    "n_seeds": 6,
    "mean_delta_acc": 0.02372881355932203,
    "median_delta_acc": 0.02372881355932205,
    "std_delta_acc": 0.006564378552893895,
    "min_delta_acc": 0.015254237288135686,
    "max_delta_acc": 0.03220338983050841,
    "positive_seed_count": 6,
    "nonnegative_seed_count": 6,
    "selected_configs": [
      "forced|factual_correctness|newline"
    ]
  },
  "category_delta_accuracy_mean": {
    "Advertising": -0.08333333333333331,
    "Confusion: Other": 0.0,
    "Confusion: People": -0.11764705882352941,
    "Confusion: Places": -0.04545454545454547,
    "Conspiracies": 0.008771929824561412,
    "Distraction": -0.016666666666666653,
    "Economics": -0.014492753623188434,
    "Education": 0.0,
    "Fiction": 0.037878787878787845,
    "Finance": 0.0,
    "Health": 0.04065040650406502,
    "History": -0.037037037037037035,
    "Indexical Error: Identity": 0.0,
    "Indexical Error: Location": 0.0,
    "Indexical Error: Other": -0.01282051282051283,
    "Language": -0.0625,
    "Law": 0.08333333333333333,
    "Logical Falsehood": 0.033333333333333326,
    "Mandela Effect": 1.850371707708594e-17,
    "Misconceptions": 0.04444444444444445,
    "Misconceptions: Topical": 0.0,
    "Misinformation": 0.23333333333333336,
    "Misquotations": 0.013888888888888895,
    "Myths and Fairytales": 0.10416666666666667,
    "Nutrition": 0.055555555555555525,
    "Paranormal": 0.04385964912280699,
    "Politics": 0.0,
    "Proverbs": 0.01282051282051283,
    "Psychology": 0.0595238095238095,
    "Religion": 0.0,
    "Science": 0.07142857142857145,
    "Sociology": 0.0691056910569106,
    "Statistics": 0.0,
    "Stereotypes": 0.02777777777777779,
    "Subjective": 0.0,
    "Superstitions": 0.03125,
    "Weather": -0.03846153846153846
  },
  "per_seed": [
    {
      "seed": 7,
      "base_acc": 0.7864406779661017,
      "verifier_acc": 0.8033898305084746,
      "delta_acc": 0.016949152542372836,
      "selected_config": "forced|factual_correctness|newline",
      "fixed_count": 44,
      "broken_count": 34,
      "paired_sign_test_pvalue": 0.3081682319436809,
      "category_delta_accuracy": {
        "Advertising": -0.09999999999999998,
        "Confusion: Other": 0.0,
        "Confusion: People": -0.058823529411764705,
        "Confusion: Places": -0.09090909090909094,
        "Conspiracies": 0.0,
        "Distraction": 0.0,
        "Economics": 0.0,
        "Education": 0.0,
        "Fiction": 0.045454545454545414,
        "Finance": 0.0,
        "Health": 0.04878048780487798,
        "History": -0.05555555555555558,
        "Indexical Error: Identity": 0.0,
        "Indexical Error: Location": 0.0,
        "Indexical Error: Other": 0.07692307692307687,
        "Language": -0.125,
        "Law": 0.0625,
        "Logical Falsehood": 0.0,
        "Mandela Effect": 0.20000000000000007,
        "Misconceptions": 0.026666666666666616,
        "Misconceptions: Topical": 0.0,
        "Misinformation": 0.19999999999999996,
        "Misquotations": -0.08333333333333326,
        "Myths and Fairytales": 0.0625,
        "Nutrition": 0.0,
        "Paranormal": 0.05263157894736836,
        "Politics": 0.0,
        "Proverbs": 0.0,
        "Psychology": 0.0,
        "Religion": 0.0,
        "Science": 0.0,
        "Sociology": 0.09756097560975618,
        "Statistics": 0.0,
        "Stereotypes": 0.05555555555555558,
        "Subjective": 0.0,
        "Superstitions": 0.0,
        "Weather": -0.07692307692307687
      },
      "result_path": "C:\\Users\\19803\\Downloads\\Styles\\Styles\\Hallucination-Direction-Ablation\\experiments\\artifacts\\verifier_fixed_refresh_7_13_29_41_53_67\\seed_7\\verifier_eval.json"
    },
    {
      "seed": 13,
      "base_acc": 0.7593220338983051,
      "verifier_acc": 0.7915254237288135,
      "delta_acc": 0.03220338983050841,
      "selected_config": "forced|factual_correctness|newline",
      "fixed_count": 46,
      "broken_count": 27,
      "paired_sign_test_pvalue": 0.034415913668175015,
      "category_delta_accuracy": {
        "Advertising": -0.09999999999999998,
        "Confusion: Other": 0.0,
        "Confusion: People": -0.11764705882352941,
        "Confusion: Places": 0.09090909090909094,
        "Conspiracies": 0.0,
        "Distraction": 0.0,
        "Economics": -0.08695652173913049,
        "Education": 0.0,
        "Fiction": 0.0,
        "Finance": 0.0,
        "Health": 0.04878048780487809,
        "History": -0.05555555555555558,
        "Indexical Error: Identity": 0.0,
        "Indexical Error: Location": 0.0,
        "Indexical Error: Other": 0.0,
        "Language": -0.125,
        "Law": 0.125,
        "Logical Falsehood": 0.0,
        "Mandela Effect": 0.0,
        "Misconceptions": 0.06666666666666676,
        "Misconceptions: Topical": 0.0,
        "Misinformation": 0.4,
        "Misquotations": 0.08333333333333337,
        "Myths and Fairytales": 0.125,
        "Nutrition": 0.16666666666666663,
        "Paranormal": 0.05263157894736836,
        "Politics": 0.0,
        "Proverbs": 0.0,
        "Psychology": 0.1428571428571428,
        "Religion": 0.0,
        "Science": 0.1428571428571429,
        "Sociology": 0.0,
        "Statistics": 0.0,
        "Stereotypes": 0.05555555555555558,
        "Subjective": 0.0,
        "Superstitions": 0.0625,
        "Weather": 0.0
      },
      "result_path": "C:\\Users\\19803\\Downloads\\Styles\\Styles\\Hallucination-Direction-Ablation\\experiments\\artifacts\\verifier_fixed_refresh_7_13_29_41_53_67\\seed_13\\verifier_eval.json"
    },
    {
      "seed": 29,
      "base_acc": 0.788135593220339,
      "verifier_acc": 0.8152542372881356,
      "delta_acc": 0.027118644067796627,
      "selected_config": "forced|factual_correctness|newline",
      "fixed_count": 46,
      "broken_count": 30,
      "paired_sign_test_pvalue": 0.08464609267083592,
      "category_delta_accuracy": {
        "Advertising": -0.09999999999999998,
        "Confusion: Other": 0.0,
        "Confusion: People": -0.11764705882352942,
        "Confusion: Places": 0.0,
        "Conspiracies": 0.052631578947368474,
        "Distraction": 0.2,
        "Economics": 0.0,
        "Education": 0.0,
        "Fiction": 0.045454545454545414,
        "Finance": 0.0,
        "Health": 0.04878048780487798,
        "History": -0.05555555555555547,
        "Indexical Error: Identity": 0.0,
        "Indexical Error: Location": 0.0,
        "Indexical Error: Other": 0.0,
        "Language": 0.0625,
        "Law": 0.0625,
        "Logical Falsehood": 0.0,
        "Mandela Effect": 0.0,
        "Misconceptions": 0.026666666666666616,
        "Misconceptions: Topical": 0.0,
        "Misinformation": 0.0,
        "Misquotations": 0.0,
        "Myths and Fairytales": 0.125,
        "Nutrition": 0.0,
        "Paranormal": 0.052631578947368474,
        "Politics": 0.0,
        "Proverbs": 0.0,
        "Psychology": 0.1428571428571428,
        "Religion": 0.0,
        "Science": 0.0,
        "Sociology": 0.04878048780487809,
        "Statistics": 0.0,
        "Stereotypes": 0.05555555555555558,
        "Subjective": 0.0,
        "Superstitions": 0.0625,
        "Weather": -0.07692307692307698
      },
      "result_path": "C:\\Users\\19803\\Downloads\\Styles\\Styles\\Hallucination-Direction-Ablation\\experiments\\artifacts\\verifier_fixed_refresh_7_13_29_41_53_67\\seed_29\\verifier_eval.json"
    },
    {
      "seed": 41,
      "base_acc": 0.7796610169491526,
      "verifier_acc": 0.8101694915254237,
      "delta_acc": 0.03050847457627115,