{
  "config": {
    "model": "Qwen/Qwen3-4B-Instruct-2507",
    "dtype": "bfloat16",
    "load_in_4bit": true,
    "gpu_memory_gb": 15,
    "calibration_size": 200,
    "max_samples": 0,
    "candidate_prefix": "newline",
    "verdict_prefixes": "newline",
    "bootstrap": 300,
    "seeds": [
      29,
      41
    ]
  },
  "summary": {
    "n_seeds": 2,
    "mean_delta_acc": 0.05084745762711862,
    "median_delta_acc": 0.05084745762711862,
    "std_delta_acc": 0.0,
    "min_delta_acc": 0.05084745762711862,
    "max_delta_acc": 0.05084745762711862,
    "positive_seed_count": 2,
    "nonnegative_seed_count": 2,
    "selected_configs": [
      "factual_correctness|newline",
      "top2|newline"
    ]
  },
  "category_delta_accuracy_mean": {
    "Advertising": -0.04999999999999999,
    "Confusion: Other": 0.0,
    "Confusion: People": -0.05882352941176471,
    "Confusion: Places": -0.04545454545454547,
    "Conspiracies": 0.02631578947368418,
    "Distraction": 0.24999999999999997,
    "Economics": 0.02173913043478265,
    "Education": -0.125,
    "Fiction": 0.15909090909090912,
    "Finance": 0.0,
    "Health": 0.060975609756097504,
    "History": -0.05555555555555558,
    "Indexical Error: Identity": 0.0,
    "Indexical Error: Location": -0.125,
    "Indexical Error: Other": 0.23076923076923075,
    "Language": 0.03125,
    "Law": 0.13541666666666669,
    "Logical Falsehood": 0.0,
    "Mandela Effect": -0.10000000000000003,
    "Misconceptions": 0.019999999999999962,
    "Misconceptions: Topical": 0.0,
    "Misinformation": 0.4,
    "Misquotations": 0.29166666666666663,
    "Myths and Fairytales": 0.21875,
    "Nutrition": 0.0,
    "Paranormal": 0.0,
    "Politics": 0.0,
    "Proverbs": -0.11538461538461536,
    "Psychology": 0.17857142857142855,
    "Religion": 0.04999999999999999,
    "Science": -0.0714285714285714,
    "Sociology": 0.036585365853658514,
    "Statistics": 0.0,
    "Stereotypes": 0.0,
    "Subjective": 0.0,
    "Superstitions": 0.1875,
    "Weather": 0.0
  },
  "per_seed": [
    {
      "seed": 29,
      "base_acc": 0.7457627118644068,
      "verifier_acc": 0.7966101694915254,
      "delta_acc": 0.05084745762711862,
      "selected_config": "factual_correctness|newline",
      "fixed_count": 67,
      "broken_count": 37,
      "paired_sign_test_pvalue": 0.004232546845609294,
      "category_delta_accuracy": {
        "Advertising": -0.09999999999999998,
        "Confusion: Other": 0.0,
        "Confusion: People": -0.058823529411764705,
        "Confusion: Places": 0.0,
        "Conspiracies": 0.05263157894736836,
        "Distraction": 0.3,
        "Economics": 0.08695652173913049,
        "Education": -0.125,
        "Fiction": 0.2272727272727273,
        "Finance": 0.0,
        "Health": 0.04878048780487798,
        "History": -0.05555555555555558,
        "Indexical Error: Identity": 0.0,
        "Indexical Error: Location": -0.125,
        "Indexical Error: Other": 0.15384615384615385,
        "Language": 0.0,
        "Law": 0.16666666666666663,
        "Logical Falsehood": 0.0,
        "Mandela Effect": 0.0,
        "Misconceptions": -0.01333333333333342,
        "Misconceptions: Topical": 0.0,
        "Misinformation": 0.0,
        "Misquotations": 0.25,
        "Myths and Fairytales": 0.1875,
        "Nutrition": 0.0,
        "Paranormal": 0.05263157894736836,
        "Politics": 0.0,
        "Proverbs": -0.15384615384615385,
        "Psychology": 0.2857142857142857,
        "Religion": 0.0,
        "Science": 0.0,
        "Sociology": 0.024390243902438935,
        "Statistics": 0.0,
        "Stereotypes": 0.0,
        "Subjective": 0.0,
        "Superstitions": 0.1875,
        "Weather": 0.0
      },
      "result_path": "C:\\Users\\19803\\Downloads\\Styles\\Styles\\Hallucination-Direction-Ablation\\Hallucination-Direction-Ablation\\experiments\\artifacts\\verifier_multiseed_seed29_41\\seed_29\\verifier_eval.json"
    },
    {
      "seed": 41,
      "base_acc": 0.7305084745762712,
      "verifier_acc": 0.7813559322033898,
      "delta_acc": 0.05084745762711862,
      "selected_config": "top2|newline",
      "fixed_count": 66,
      "broken_count": 36,
      "paired_sign_test_pvalue": 0.003865583588338324,
      "category_delta_accuracy": {
        "Advertising": 0.0,
        "Confusion: Other": 0.0,
        "Confusion: People": -0.05882352941176472,
        "Confusion: Places": -0.09090909090909094,
        "Conspiracies": 0.0,
        "Distraction": 0.19999999999999996,
        "Economics": -0.04347826086956519,
        "Education": -0.125,
        "Fiction": 0.09090909090909094,
        "Finance": 0.0,
        "Health": 0.07317073170731703,
        "History": -0.05555555555555558,
        "Indexical Error: Identity": 0.0,
        "Indexical Error: Location": -0.125,
        "Indexical Error: Other": 0.30769230769230765,
        "Language": 0.0625,
        "Law": 0.10416666666666674,
        "Logical Falsehood": 0.0,
        "Mandela Effect": -0.20000000000000007,
        "Misconceptions": 0.053333333333333344,
        "Misconceptions: Topical": 0.0,
        "Misinformation": 0.8,
        "Misquotations": 0.3333333333333333,
        "Myths and Fairytales": 0.25,
        "Nutrition": 0.0,
        "Paranormal": -0.05263157894736836,
        "Politics": 0.0,
        "Proverbs": -0.07692307692307687,
        "Psychology": 0.0714285714285714,
        "Religion": 0.09999999999999998,
        "Science": -0.1428571428571428,
        "Sociology": 0.04878048780487809,
        "Statistics": 0.0,
        "Stereotypes": 0.0,
        "Subjective": 0.0,
        "Superstitions": 0.1875,
        "Weather": 0.0
      },
      "result_path": "C:\\Users\\19803\\Downloads\\Styles\\Styles\\Hallucination-Direction-Ablation\\Hallucination-Direction-Ablation\\experiments\\artifacts\\verifier_multiseed_seed29_41\\seed_41\\verifier_eval.json"
    }
  ]
}