{
  "config": {
    "model": "Qwen/Qwen3-4B-Instruct-2507",
    "dtype": "bfloat16",
    "load_in_4bit": false,
    "gpu_memory_gb": 15,
    "calibration_size": 200,
    "max_samples": 0,
    "candidate_prefix": "newline",
    "verdict_prefixes": "newline",
    "force_template_ids": "",
    "force_verdict_prefix": "",
    "bootstrap": 400,
    "seeds": [
      7,
      13,
      29,
      41,
      53,
      67
    ]
  },
  "summary": {
    "n_seeds": 6,
    "mean_delta_acc": 0.015536723163841823,
    "median_delta_acc": 0.013559322033898313,
    "std_delta_acc": 0.007974911985024324,
    "min_delta_acc": 0.006779661016949157,
    "max_delta_acc": 0.03220338983050841,
    "positive_seed_count": 6,
    "nonnegative_seed_count": 6,
    "selected_configs": [
      "expert_endorsement|newline",
      "factual_correctness|newline",
      "supported_by_facts|newline",
      "top2|newline"
    ]
  },
  "category_delta_accuracy_mean": {
    "Advertising": -0.08333333333333331,
    "Confusion: Other": 0.027777777777777776,
    "Confusion: People": -0.13725490196078433,
    "Confusion: Places": -0.04545454545454547,
    "Conspiracies": 1.850371707708594e-17,
    "Distraction": -0.016666666666666653,
    "Economics": -1.850371707708594e-17,
    "Education": -0.020833333333333332,
    "Fiction": 0.030303030303030276,
    "Finance": 0.0,
    "Health": 0.02439024390243903,
    "History": -0.06481481481481481,
    "Indexical Error: Identity": 0.0,
    "Indexical Error: Location": -0.08333333333333333,
    "Indexical Error: Other": 0.02564102564102566,
    "Language": -0.07291666666666667,
    "Law": 0.06944444444444443,
    "Logical Falsehood": 0.033333333333333326,
    "Mandela Effect": -0.06666666666666667,
    "Misconceptions": 0.02666666666666669,
    "Misconceptions: Topical": 0.0,
    "Misinformation": 0.2,
    "Misquotations": 0.013888888888888895,
    "Myths and Fairytales": 0.125,
    "Nutrition": 0.055555555555555525,
    "Paranormal": 0.01754385964912279,
    "Politics": 0.0,
    "Proverbs": -0.025641025641025644,
    "Psychology": 0.0595238095238095,
    "Religion": 0.0,
    "Science": 0.04761904761904764,
    "Sociology": 0.0853658536585366,
    "Statistics": 0.0,
    "Stereotypes": 0.0,
    "Subjective": 0.0,
    "Superstitions": 0.041666666666666664,
    "Weather": -0.03846153846153846
  },
  "per_seed": [
    {
      "seed": 7,
      "base_acc": 0.7864406779661017,
      "verifier_acc": 0.7932203389830509,
      "delta_acc": 0.006779661016949157,
      "selected_config": "top2|newline",
      "fixed_count": 40,
      "broken_count": 36,
      "paired_sign_test_pvalue": 0.7310088822226052,
      "category_delta_accuracy": {
        "Advertising": -0.09999999999999998,
        "Confusion: Other": 0.0,
        "Confusion: People": -0.058823529411764705,
        "Confusion: Places": -0.09090909090909094,
        "Conspiracies": 0.0,
        "Distraction": 0.0,
        "Economics": 0.04347826086956519,
        "Education": 0.0,
        "Fiction": 0.045454545454545414,
        "Finance": 0.0,
        "Health": 0.024390243902439046,
        "History": -0.11111111111111105,
        "Indexical Error: Identity": 0.0,
        "Indexical Error: Location": -0.125,
        "Indexical Error: Other": 0.15384615384615385,
        "Language": -0.125,
        "Law": 0.04166666666666663,
        "Logical Falsehood": 0.0,
        "Mandela Effect": 0.20000000000000007,
        "Misconceptions": 0.0,
        "Misconceptions: Topical": 0.0,
        "Misinformation": 0.19999999999999996,
        "Misquotations": -0.08333333333333326,
        "Myths and Fairytales": 0.0625,
        "Nutrition": 0.0,
        "Paranormal": 0.0,
        "Politics": 0.0,
        "Proverbs": -0.07692307692307698,
        "Psychology": 0.0,
        "Religion": 0.0,
        "Science": 0.0,
        "Sociology": 0.12195121951219512,
        "Statistics": 0.0,
        "Stereotypes": 0.0,
        "Subjective": 0.0,
        "Superstitions": 0.0,
        "Weather": -0.07692307692307687
      },
      "result_path": "experiments/artifacts/verifier_selected_refresh_7_13_29_41_53_67/seed_7/verifier_eval.json"
    },
    {
      "seed": 13,
      "base_acc": 0.7593220338983051,
      "verifier_acc": 0.7915254237288135,
      "delta_acc": 0.03220338983050841,
      "selected_config": "factual_correctness|newline",
      "fixed_count": 46,
      "broken_count": 27,
      "paired_sign_test_pvalue": 0.034415913668175015,
      "category_delta_accuracy": {
        "Advertising": -0.09999999999999998,
        "Confusion: Other": 0.0,
        "Confusion: People": -0.11764705882352941,
        "Confusion: Places": 0.09090909090909094,
        "Conspiracies": 0.0,
        "Distraction": 0.0,
        "Economics": -0.08695652173913049,
        "Education": 0.0,
        "Fiction": 0.0,
        "Finance": 0.0,
        "Health": 0.04878048780487809,
        "History": -0.05555555555555558,
        "Indexical Error: Identity": 0.0,
        "Indexical Error: Location": 0.0,
        "Indexical Error: Other": 0.0,
        "Language": -0.125,
        "Law": 0.125,
        "Logical Falsehood": 0.0,
        "Mandela Effect": 0.0,
        "Misconceptions": 0.06666666666666676,
        "Misconceptions: Topical": 0.0,
        "Misinformation": 0.4,
        "Misquotations": 0.08333333333333337,
        "Myths and Fairytales": 0.125,
        "Nutrition": 0.16666666666666663,
        "Paranormal": 0.05263157894736836,
        "Politics": 0.0,
        "Proverbs": 0.0,
        "Psychology": 0.1428571428571428,
        "Religion": 0.0,
        "Science": 0.1428571428571429,
        "Sociology": 0.0,
        "Statistics": 0.0,
        "Stereotypes": 0.05555555555555558,
        "Subjective": 0.0,
        "Superstitions": 0.0625,
        "Weather": 0.0
      },
      "result_path": "experiments/artifacts/verifier_selected_refresh_7_13_29_41_53_67/seed_13/verifier_eval.json"
    },
    {
      "seed": 29,
      "base_acc": 0.788135593220339,
      "verifier_acc": 0.8,
      "delta_acc": 0.011864406779661052,
      "selected_config": "expert_endorsement|newline",
      "fixed_count": 44,
      "broken_count": 37,
      "paired_sign_test_pvalue": 0.5052364407669359,
      "category_delta_accuracy": {
        "Advertising": -0.09999999999999998,
        "Confusion: Other": 0.0,
        "Confusion: People": -0.17647058823529413,
        "Confusion: Places": 0.0,
        "Conspiracies": 0.052631578947368474,
        "Distraction": 0.2,
        "Economics": 0.0,
        "Education": 0.0,
        "Fiction": 0.045454545454545414,
        "Finance": 0.0,
        "Health": 0.024390243902438935,
        "History": -0.11111111111111105,
        "Indexical Error: Identity": 0.0,
        "Indexical Error: Location": -0.125,
        "Indexical Error: Other": 0.07692307692307698,
        "Language": 0.0,
        "Law": 0.02083333333333326,
        "Logical Falsehood": 0.0,
        "Mandela Effect": -0.20000000000000007,
        "Misconceptions": 0.0,
        "Misconceptions: Topical": 0.0,
        "Misinformation": 0.0,
        "Misquotations": 0.0,
        "Myths and Fairytales": 0.1875,
        "Nutrition": 0.0,
        "Paranormal": 0.0,
        "Politics": 0.0,
        "Proverbs": -0.07692307692307687,
        "Psychology": 0.2142857142857142,
        "Religion": 0.0,
        "Science": 0.0,
        "Sociology": 0.07317073170731714,
        "Statistics": 0.0,
        "Stereotypes": 0.0,
        "Subjective": 0.0,
        "Superstitions": 0.0625,
        "Weather": -0.07692307692307698
      },
      "result_path": "experiments/artifacts/verifier_selected_refresh_7_13_29_41_53_67/seed_29/verifier_eval.json"
    },
    {
      "seed": 41,
      "base_acc": 0.7796610169491526,
      "verifier_acc": 0.7949152542372881,
      "delta_acc": 0.015254237288135575,
      "selected_config": "supported_by_facts|newline",
      "fixed_count": 44,
      "broken_count": 35,
      "paired_sign_test_pvalue": 0.36818763383063075,